young,hair_short,skin_dark,has_facial_hair,has_accessories,job_type_higher_ed,face_positive,main_hobby_Arts,main_hobby_Music,main_hobby_Sport,main_hobby_Travel,playerID
4.3478260869565215,3.4482758620689653,3.0303030303030303,-16.666666666666664,-9.090909090909092,27.27272727272727,-21.73913043478261,-30.0,-26.31578947368421,0.0,64.70588235294117,01J1TSQAXER19SYB115VJTTA76
14.285714285714285,-60.0,36.0,4.3478260869565215,8.333333333333332,10.0,23.809523809523807,-10.0,-11.11111111111111,-36.84210526315789,64.70588235294117,01J1TQTERTVXPBN1RB1E4KVWQV
47.82608695652174,57.89473684210527,-41.66666666666667,50.0,3.4482758620689653,42.857142857142854,12.0,-6.666666666666667,-11.11111111111111,14.285714285714285,0.0,01J1TRGQETB3P9YES33NNMCVAC
78.94736842105263,8.333333333333332,36.0,45.45454545454545,-15.384615384615385,3.4482758620689653,15.151515151515152,-25.0,-27.27272727272727,44.44444444444444,-4.3478260869565215,01J1TRJG53CGG2S18N88VE78AA
30.76923076923077,-42.857142857142854,-11.11111111111111,-9.090909090909092,-48.148148148148145,0.0,-30.0,66.66666666666666,-10.0,-44.44444444444444,-30.0,01J1TSBC1JBYGJ3PRK05CRMF3K
38.46153846153847,20.0,-20.0,-75.0,-78.57142857142857,-17.24137931034483,20.0,-41.17647058823529,-47.368421052631575,91.30434782608695,-33.33333333333333,01J1TSJPARN3CB8YRHEWD4PPG9
3.4482758620689653,-10.344827586206897,18.51851851851852,-50.0,-9.090909090909092,43.75,-36.36363636363637,100.0,-5.263157894736842,-52.0,-41.17647058823529,01J1TQNANBFZV7M6VRM670890H
21.73913043478261,10.0,-23.809523809523807,-100.0,14.285714285714285,15.384615384615385,-20.0,87.5,-11.11111111111111,-76.47058823529412,5.263157894736842,01J1TQYM9CW5N1SZKRHQ6QXMB3
-8.333333333333332,21.428571428571427,37.93103448275862,-9.67741935483871,16.666666666666664,-18.51851851851852,12.5,-80.95238095238095,-37.5,0.0,92.0,01J1TRAFFHAVG65MTKAT18D33R
-39.130434782608695,-13.043478260869565,-14.285714285714285,16.666666666666664,11.11111111111111,50.0,24.137931034482758,0.0,20.0,-29.411764705882355,6.666666666666667,01J1TRQWJ6NRHGJCTZ7QB4JQTK
4.0,-3.4482758620689653,9.090909090909092,4.3478260869565215,-9.090909090909092,23.076923076923077,-23.076923076923077,72.72727272727273,0.0,-73.91304347826086,6.666666666666667,01J1MWZXX64ZS0EMXHVHCWH4DA
36.0,-16.666666666666664,0.0,13.043478260869565,-25.925925925925924,16.129032258064516,38.46153846153847,41.17647058823529,5.88235294117647,-22.22222222222222,-28.57142857142857,01J1MXSK8ZQDH52WGQKJ57NKDX
-50.0,30.0,-23.809523809523807,-4.761904761904762,-23.076923076923077,-28.57142857142857,65.21739130434783,-26.31578947368421,-16.666666666666664,47.368421052631575,-14.285714285714285,01J1MXVVS1HEE2AF1K0VNF2ABG
65.21739130434783,-6.666666666666667,4.0,-42.857142857142854,6.666666666666667,20.0,50.0,50.0,42.857142857142854,-63.63636363636363,-20.0,01J1MW7XMJGA05QZQ4F2PBHCVQ
-42.857142857142854,-14.285714285714285,-11.11111111111111,42.857142857142854,30.434782608695656,36.84210526315789,28.000000000000004,10.0,41.66666666666667,-66.66666666666666,0.0,01J1MWB4213GBXXPEFP32QRYZT
-55.55555555555556,50.0,-4.0,-33.33333333333333,42.857142857142854,-7.6923076923076925,8.333333333333332,-5.88235294117647,-5.88235294117647,52.94117647058824,-28.000000000000004,01J1MWVG92N53460ZX8YM5YTKE
15.384615384615385,7.142857142857142,33.33333333333333,0.0,7.142857142857142,82.35294117647058,-10.0,-20.0,0.0,21.73913043478261,-11.11111111111111,01J1MX6FWV8HSSA91H691AJRPY
30.0,-30.76923076923077,-20.0,-100.0,-8.333333333333332,12.0,41.66666666666667,-20.0,-5.88235294117647,50.0,-4.3478260869565215,01J1MXES8XXA75N1VN97GMS1CM
-14.285714285714285,63.63636363636363,13.043478260869565,45.45454545454545,-27.27272727272727,-13.333333333333334,30.0,-55.55555555555556,-37.5,4.3478260869565215,100.0,01J1MXWRPDKMVSBEHHDPDBQZAV
-16.129032258064516,18.51851851851852,-9.090909090909092,-9.090909090909092,-42.857142857142854,85.18518518518519,-25.0,33.33333333333333,0.0,-37.5,-12.5,01J1MW8P5Z71SQP6SXJE5TA95J
-7.142857142857142,-41.17647058823529,17.24137931034483,-41.66666666666667,11.11111111111111,39.130434782608695,39.130434782608695,-12.5,-29.411764705882355,23.809523809523807,12.5,01J1TJNCATR75750Z353DBMTGV
-13.333333333333334,84.61538461538461,11.11111111111111,-71.42857142857143,-3.7037037037037033,0.0,-4.0,-25.0,-65.21739130434783,87.5,26.31578947368421,01J1TJPGMP6RF3APWFBDEKB1Y6
9.090909090909092,8.333333333333332,39.130434782608695,-75.0,6.666666666666667,0.0,11.11111111111111,0.0,-52.38095238095239,70.0,-17.647058823529413,01J1TJQ83FHTE6V5ZG58EG8BKX
6.25,4.0,-36.36363636363637,-45.45454545454545,5.263157894736842,-27.27272727272727,-12.0,0.0,-72.72727272727273,71.42857142857143,37.5,01J1TKZ7TJFV7JRS3HH58VS3X9
14.285714285714285,41.17647058823529,-7.142857142857142,-20.0,14.285714285714285,28.57142857142857,3.225806451612903,100.0,20.0,-100.0,-36.84210526315789,01J1PZ25ZGSNZE5BBKB8RYYGN5
66.66666666666666,-50.0,-30.434782608695656,-25.0,-18.51851851851852,-20.0,0.0,70.0,-80.95238095238095,-17.647058823529413,30.0,01J1PZDJE0YJWR9RH12EC3F8JE
-18.181818181818183,60.0,16.666666666666664,33.33333333333333,-10.344827586206897,-21.73913043478261,17.24137931034483,4.761904761904762,-65.21739130434783,0.0,87.5,01J1Q0F027EEWFSFYMG0G1T7SH
55.55555555555556,66.66666666666666,28.57142857142857,13.043478260869565,-30.76923076923077,-7.6923076923076925,-3.225806451612903,-77.77777777777779,-4.761904761904762,100.0,6.666666666666667,01J1Q18EBJC9W6MZP78XVMYKNG
13.043478260869565,7.6923076923076925,-29.411764705882355,-100.0,0.0,0.0,39.130434782608695,33.33333333333333,73.33333333333333,-56.52173913043478,-20.0,01J1Q1Q0EBAHVYBX1BJ8WBSGCS
0.0,-100.0,-21.428571428571427,-18.181818181818183,-7.142857142857142,18.181818181818183,18.51851851851852,41.66666666666667,-5.88235294117647,-50.0,5.88235294117647,01J1Q1Q7P2XR7SK53AXSEE8RJE
25.0,-26.31578947368421,-47.368421052631575,-42.857142857142854,-10.0,-13.043478260869565,6.25,-5.263157894736842,0.0,-5.88235294117647,10.0,01J1PZ8C4ZQ29F4BC0JVA67XNK
36.0,100.0,3.225806451612903,36.84210526315789,-36.0,30.76923076923077,0.0,-33.33333333333333,-13.043478260869565,23.809523809523807,28.57142857142857,01J1Q02H52CE72HRRSE14WJ1QW
30.0,-42.857142857142854,-6.666666666666667,-14.285714285714285,-12.0,30.434782608695656,-16.666666666666664,77.77777777777779,62.5,-40.0,-72.72727272727273,01J1Q0FJ7PVSQ7BPCRTFG8ERFQ
39.130434782608695,-42.857142857142854,27.27272727272727,13.043478260869565,6.25,4.3478260869565215,-3.4482758620689653,-13.043478260869565,-75.0,88.23529411764706,0.0,01J1Q0YTWKD3ZWDCKYR2KKE2V6
-4.761904761904762,-71.42857142857143,-16.129032258064516,15.384615384615385,-26.31578947368421,-4.761904761904762,0.0,100.0,10.0,-60.0,-36.84210526315789,01J1Q1VGGGNCWQATCAHV9TGTT8
-26.666666666666668,-4.3478260869565215,16.666666666666664,16.129032258064516,14.285714285714285,33.33333333333333,-9.090909090909092,22.22222222222222,86.66666666666667,-40.0,-42.857142857142854,01J1Q20AFBP1VJCFGH9A1EWDQV
46.15384615384615,-55.55555555555556,-20.0,40.0,6.25,80.0,5.263157894736842,50.0,0.0,-30.0,-22.22222222222222,01J1PZCTHQP71S434SW06PWCCY
-8.333333333333332,8.333333333333332,13.043478260869565,-21.428571428571427,-3.4482758620689653,-68.0,15.384615384615385,-62.5,-11.11111111111111,29.411764705882355,28.000000000000004,01J1PZCBVB625VHEMVH56A888Z
5.263157894736842,16.666666666666664,11.11111111111111,-42.857142857142854,0.0,10.0,-12.0,5.263157894736842,89.47368421052632,-44.44444444444444,-50.0,01J1PZYJRE4B1097RERSTSZK5R
26.31578947368421,0.0,-52.38095238095239,-42.857142857142854,10.344827586206897,81.81818181818183,-12.0,4.761904761904762,68.42105263157895,-33.33333333333333,-40.0,01J1Q12BT034S3ZZDH7SYSE254
54.54545454545454,33.33333333333333,0.0,-77.77777777777779,31.03448275862069,-9.090909090909092,33.33333333333333,-25.0,85.71428571428571,15.789473684210526,-42.857142857142854,01J1Q1A8S8G25PS4DTFM46W2BF
68.75,-60.0,4.0,-25.0,-40.74074074074074,3.225806451612903,-21.73913043478261,-23.809523809523807,-17.647058823529413,52.38095238095239,-15.789473684210526,01J1Q1F6GS9M6QCT06XWSPMJ8T
-72.72727272727273,-18.181818181818183,17.24137931034483,16.666666666666664,13.043478260869565,30.0,25.0,-18.181818181818183,-44.44444444444444,33.33333333333333,20.0,01J1PZSN7JT669G2062Y6EN9MJ
13.043478260869565,42.857142857142854,15.789473684210526,20.0,-24.137931034482758,-28.000000000000004,-15.789473684210526,-52.38095238095239,11.11111111111111,-25.0,76.47058823529412,01J1PZYWFJQCYHBATS2BZKF495
36.36363636363637,-25.0,-9.090909090909092,14.285714285714285,0.0,90.47619047619048,-41.17647058823529,30.0,25.0,-25.0,-25.0,01J1TDBY653Z3D894JJEWZCKWG
18.181818181818183,-42.857142857142854,-9.67741935483871,-27.27272727272727,-4.0,28.000000000000004,52.38095238095239,-40.0,0.0,88.23529411764706,-33.33333333333333,01J1TA3CD9XAEMNW72J38Z4F7B
-17.24137931034483,-50.0,-4.761904761904762,-11.11111111111111,-40.0,-28.57142857142857,4.761904761904762,-54.54545454545454,-37.5,85.71428571428571,30.0,01J1TAADB62E5F9J5EG3TTP5QV
-4.0,-41.66666666666667,-16.666666666666664,-100.0,-9.090909090909092,9.090909090909092,-16.666666666666664,-29.411764705882355,-75.0,8.333333333333332,100.0,01J1TBT48VZKFKFDS6GK9SHEMD
-12.0,3.7037037037037033,-8.333333333333332,0.0,-4.0,-25.0,-6.666666666666667,-52.94117647058824,-53.84615384615385,50.0,25.0,01J1TBVGS6P0FS7Q5RWZCV73T5
29.03225806451613,-7.142857142857142,-72.72727272727273,-50.0,7.6923076923076925,12.0,7.6923076923076925,-23.809523809523807,-12.5,33.33333333333333,4.761904761904762,01J1TCJGX1P3HEKZGP89M3E2BK
88.88888888888889,14.285714285714285,-13.043478260869565,-60.0,25.925925925925924,23.076923076923077,-40.74074074074074,11.11111111111111,-6.666666666666667,33.33333333333333,-33.33333333333333,01J1TD3ASDEC13XM355PBT5FS6
52.38095238095239,0.0,-55.55555555555556,-42.857142857142854,16.129032258064516,0.0,21.73913043478261,40.0,16.666666666666664,-20.0,-26.31578947368421,01J1TD827ZXHNJPMB6JMZ6N261
-63.63636363636363,44.0,15.384615384615385,-4.0,5.263157894736842,-11.11111111111111,-11.11111111111111,-84.61538461538461,-37.5,20.0,92.3076923076923,01J1TBJYBDAYYCC0XBJHYZAMBF
-9.090909090909092,30.76923076923077,6.25,13.043478260869565,-25.925925925925924,-11.11111111111111,-20.0,-5.88235294117647,-57.89473684210527,-73.33333333333333,100.0,01J1TC6DB5DA2JF5HX4N3SNCA4
71.42857142857143,21.73913043478261,13.043478260869565,-18.75,25.0,69.23076923076923,7.6923076923076925,-20.0,-20.0,12.0,11.11111111111111,01J1TC7SDD58JZHWXGEKD448GB
44.44444444444444,-42.857142857142854,37.93103448275862,-45.45454545454545,-12.5,0.0,-18.51851851851852,-60.0,20.0,54.54545454545454,-22.22222222222222,01J1TDJDB6GQBQ4GN19A3M5TX2
-3.4482758620689653,0.0,15.789473684210526,63.63636363636363,20.0,41.66666666666667,0.0,-20.0,18.181818181818183,11.11111111111111,-11.11111111111111,01J1TAK73B5GS3A5A9MW01SY76
-20.0,-4.0,14.285714285714285,-17.647058823529413,-3.7037037037037033,16.666666666666664,-28.000000000000004,83.33333333333334,-37.5,-42.857142857142854,38.46153846153847,01J1TAVXE0MW7BHQDK41SV837G
15.384615384615385,-20.0,42.857142857142854,-50.0,-4.0,12.0,-16.666666666666664,4.761904761904762,-36.84210526315789,10.0,18.181818181818183,01J1TAX4QFS8TY0YF4E5VW2HD4
29.03225806451613,-45.45454545454545,25.925925925925924,14.285714285714285,-4.761904761904762,20.0,-8.333333333333332,90.47619047619048,5.263157894736842,-78.94736842105263,-21.73913043478261,01J1TCPHM868V9E4AD8TT7PTFG
27.27272727272727,-20.0,7.6923076923076925,30.76923076923077,-26.31578947368421,23.076923076923077,-8.333333333333332,89.47368421052632,-21.73913043478261,-46.666666666666664,-33.33333333333333,01J1TDQP5ZANE8TA9ZN9G7WV71
20.0,-3.7037037037037033,-14.285714285714285,50.0,25.925925925925924,33.33333333333333,42.857142857142854,26.31578947368421,41.17647058823529,-23.076923076923077,-52.94117647058824,01J1TERHK8MMBZERDWSTBX3HJ4
-16.666666666666664,50.0,15.384615384615385,0.0,-11.11111111111111,0.0,-41.66666666666667,88.88888888888889,14.285714285714285,-52.94117647058824,-62.5,01J1TFB494XR9MSBF9VA06F8PE
5.88235294117647,42.857142857142854,-100.0,42.857142857142854,-14.285714285714285,41.66666666666667,-23.809523809523807,21.73913043478261,11.11111111111111,5.263157894736842,-66.66666666666666,01J1TFAGNYN8RSNWPFYRH4WQ86
-4.0,-42.857142857142854,-30.434782608695656,-33.33333333333333,47.82608695652174,44.827586206896555,-15.384615384615385,100.0,20.0,-71.42857142857143,-44.44444444444444,01J1SWG5W18GTVXPT379VCB63X
-53.84615384615385,-14.285714285714285,-13.333333333333334,10.0,25.0,31.03448275862069,14.285714285714285,-12.5,-37.5,0.0,44.44444444444444,01J1SRRWK4KZ7H9JJ7BNX7DJB2
-8.333333333333332,4.3478260869565215,-24.137931034482758,17.647058823529413,23.809523809523807,-15.384615384615385,38.46153846153847,64.70588235294117,0.0,-86.66666666666667,10.0,01J1SV38EG0TYZ7YH8YRPQ3Z7Y
-64.28571428571429,0.0,6.25,-7.6923076923076925,24.137931034482758,-22.58064516129032,0.0,-41.17647058823529,25.0,12.5,-4.761904761904762,01J1SVCHF9XTBH5XHRYZWP3S4J
-41.17647058823529,-18.181818181818183,18.51851851851852,-77.77777777777779,7.6923076923076925,-23.076923076923077,-4.0,30.434782608695656,-83.33333333333334,30.0,-17.647058823529413,01J1SQYPJ62646PB9P4CYYDHRV
-37.93103448275862,4.0,-4.3478260869565215,-7.142857142857142,13.043478260869565,24.137931034482758,-30.76923076923077,33.33333333333333,6.666666666666667,-20.0,-25.0,01J1ST83K58Y1FY1SYX8QR2VW9
10.344827586206897,7.6923076923076925,-8.333333333333332,45.45454545454545,8.333333333333332,28.57142857142857,-15.384615384615385,11.11111111111111,-68.42105263157895,61.904761904761905,-10.0,01J1ST8KPP581K4JJ5D0H268D1
12.0,75.0,-46.666666666666664,-42.857142857142854,30.434782608695656,46.15384615384615,-15.789473684210526,-20.0,-11.11111111111111,30.0,0.0,01J1SV2ZTS4Y0QXN6HKEE5EF66
43.75,-100.0,-41.66666666666667,18.181818181818183,-27.27272727272727,24.137931034482758,-18.51851851851852,90.0,29.411764705882355,-52.0,-50.0,01J1SYS6EA86NNVTZ8GW7ECYQV
0.0,-18.51851851851852,16.666666666666664,42.857142857142854,-20.0,16.666666666666664,25.925925925925924,-30.0,-52.38095238095239,36.36363636363637,47.368421052631575,01J1SR4BN2V07PE6SGTTJZFM3E
-52.38095238095239,-45.45454545454545,8.333333333333332,9.090909090909092,0.0,12.0,4.3478260869565215,-54.54545454545454,12.0,-10.0,52.38095238095239,01J1ST3K3SQX1G5QH019ZSKE6E
-27.27272727272727,-18.181818181818183,18.181818181818183,-42.857142857142854,20.0,4.761904761904762,-23.076923076923077,-14.285714285714285,-22.22222222222222,36.84210526315789,0.0,01J1SNS7G7CT8V0G06HD4JXXZC
20.0,-3.0303030303030303,-14.285714285714285,-42.857142857142854,20.0,9.67741935483871,45.45454545454545,-62.5,77.77777777777779,20.0,-40.0,01J1SSDYETW61BKSZTS3SHZBYS
18.51851851851852,45.45454545454545,4.3478260869565215,7.6923076923076925,-14.285714285714285,-39.130434782608695,4.761904761904762,-12.5,-50.0,-28.57142857142857,70.0,01J1SWCMAZ7NK4TPQZFWHBEPV2
21.21212121212121,25.0,12.0,6.666666666666667,-4.3478260869565215,-13.333333333333334,-33.33333333333333,10.0,-11.11111111111111,-22.22222222222222,22.22222222222222,01J1SPYP8N3GHG3D5KQ8YB1NXN
50.0,40.0,-41.66666666666667,-77.77777777777779,23.076923076923077,8.333333333333332,-18.181818181818183,0.0,-11.11111111111111,54.54545454545454,-55.55555555555556,01J1SPY7JVWGDCT9D72YCEZQGP
-16.666666666666664,-3.7037037037037033,-3.225806451612903,4.3478260869565215,0.0,4.3478260869565215,0.0,5.88235294117647,-12.5,17.647058823529413,-12.5,01J1STVJRGBHEN283PATNAJX8S
-11.11111111111111,-6.666666666666667,0.0,10.0,-8.333333333333332,-35.483870967741936,38.46153846153847,-60.0,-77.77777777777779,91.66666666666666,25.0,01J1SSGE4X8DZRY1MAYS1PZEZA
-7.142857142857142,-66.66666666666666,17.24137931034483,-12.5,-3.7037037037037033,61.53846153846154,-30.76923076923077,22.22222222222222,90.9090909090909,-60.0,-60.0,01J1STDQ8PV0950JFZ6A1587TE
0.0,-13.043478260869565,18.51851851851852,-50.0,-6.666666666666667,-46.666666666666664,-15.384615384615385,-60.0,-17.647058823529413,-22.22222222222222,90.47619047619048,01J1SR3K6Q9C89M29FVB2ZSKWM
35.714285714285715,25.925925925925924,-36.0,75.0,28.000000000000004,45.45454545454545,-8.333333333333332,66.66666666666666,41.17647058823529,-45.45454545454545,-52.94117647058824,01J1SSDNNE75B5KXYP7FKDYB3D
50.0,-50.0,-20.0,0.0,-25.925925925925924,39.130434782608695,-13.043478260869565,4.3478260869565215,77.77777777777779,-22.22222222222222,-64.70588235294117,01J1R5CZ1YZT9P0XTG2GEHM8CN
-25.925925925925924,-20.0,18.51851851851852,14.285714285714285,-38.46153846153847,22.22222222222222,33.33333333333333,-5.263157894736842,-25.0,-57.14285714285714,56.52173913043478,01J1R3W2KDB1E2F7JE8GQB52AE
-18.51851851851852,-31.03448275862069,7.6923076923076925,-41.17647058823529,-7.142857142857142,-33.33333333333333,12.0,-60.0,-27.27272727272727,29.411764705882355,86.66666666666667,01J1R45WFBCTGQGERDGBRSFA94
-15.384615384615385,-55.55555555555556,-30.434782608695656,8.333333333333332,4.3478260869565215,20.0,-8.333333333333332,100.0,50.0,-70.0,-40.0,01J1R939DN6B6C0PCDR34A2GRW
45.45454545454545,7.6923076923076925,-24.137931034482758,7.6923076923076925,8.571428571428571,36.0,-6.666666666666667,15.789473684210526,-64.70588235294117,47.368421052631575,-4.761904761904762,01J1R9BNTKXW973K7DPNK5DN0S
12.0,-3.7037037037037033,3.4482758620689653,0.0,-33.33333333333333,36.36363636363637,12.0,57.89473684210527,36.36363636363637,-68.42105263157895,-30.0,01J1R4VK1EK81CRJQRRRETRX9B
9.090909090909092,4.0,18.181818181818183,45.45454545454545,-3.7037037037037033,-16.666666666666664,-10.344827586206897,-23.809523809523807,-76.47058823529412,5.88235294117647,80.95238095238095,01J1R6VPC3EWGGJV8ZF94GJG68
14.285714285714285,-44.44444444444444,-30.76923076923077,-100.0,3.7037037037037033,-25.0,-4.761904761904762,0.0,4.761904761904762,25.0,-21.73913043478261,01J1R895W01YV6P2SPGDXT7RGB
21.73913043478261,50.0,21.73913043478261,-33.33333333333333,13.043478260869565,75.0,14.285714285714285,22.22222222222222,70.0,-50.0,-33.33333333333333,01J1R9MF8G40TGT9H1RJ4F81MT
-33.33333333333333,-20.0,-20.0,24.137931034482758,66.66666666666666,13.043478260869565,20.0,11.11111111111111,-15.789473684210526,22.22222222222222,-13.043478260869565,01J1R34Q3CZ74K1T0SCJEV3QCH
44.827586206896555,-33.33333333333333,9.090909090909092,-4.3478260869565215,-4.0,0.0,-16.666666666666664,-10.0,-66.66666666666666,20.0,84.61538461538461,01J1R4SDN425RPYBE2ZDNBVA8Z
44.827586206896555,45.45454545454545,-48.38709677419355,28.57142857142857,7.6923076923076925,25.0,26.31578947368421,-17.647058823529413,16.666666666666664,5.263157894736842,-11.11111111111111,01J1R4XDGAQGQ66QWD6A0SN2CD
-53.333333333333336,-42.857142857142854,-6.666666666666667,15.384615384615385,-37.93103448275862,0.0,-7.6923076923076925,41.66666666666667,-12.5,-36.84210526315789,-4.761904761904762,01J1R37J3PWJSS835J53AJ0KMS
27.27272727272727,4.0,-21.73913043478261,16.666666666666664,8.333333333333332,86.20689655172413,4.761904761904762,5.88235294117647,47.368421052631575,-12.5,-36.36363636363637,01J1R3KEFVCYEGVNP79ZKZXQD7
36.0,25.0,13.043478260869565,42.857142857142854,-15.151515151515152,56.52173913043478,0.0,6.666666666666667,36.84210526315789,-14.285714285714285,-33.33333333333333,01J1R44G2HH5FBBJ7YT1VDWYW2
14.285714285714285,16.666666666666664,10.344827586206897,-4.3478260869565215,-16.666666666666664,7.142857142857142,-11.11111111111111,73.33333333333333,12.0,-60.0,-14.285714285714285,01J1R55G6X8VNFF6W11WFEGRK5
-42.857142857142854,0.0,14.285714285714285,4.761904761904762,-18.51851851851852,14.285714285714285,-25.0,-46.666666666666664,-36.84210526315789,18.181818181818183,62.5,01J27S3Y3HVN3X25PEWF2HMDZV
3.7037037037037033,60.0,-50.0,4.761904761904762,-15.384615384615385,3.7037037037037033,0.0,-57.14285714285714,-61.904761904761905,100.0,45.45454545454545,01J27SP8B2CWYX06XV5WSK52NY
-48.38709677419355,-11.11111111111111,15.384615384615385,-77.77777777777779,36.84210526315789,-4.0,-20.0,29.411764705882355,-26.31578947368421,12.5,-11.11111111111111,01J27NEBEXNTNBD5E3QVV6ZDSX
-4.0,-23.809523809523807,-13.043478260869565,60.0,5.88235294117647,44.0,-4.3478260869565215,60.0,28.000000000000004,-41.66666666666667,-60.0,01J27NMHM7G3DWNJZE3XTD7X4X
25.0,-42.857142857142854,-54.54545454545454,-55.55555555555556,26.666666666666668,-8.333333333333332,11.11111111111111,0.0,29.411764705882355,0.0,-38.46153846153847,01J27PFBFH8PHKH5ZQZ6D4EQKR
-78.57142857142857,-23.809523809523807,29.03225806451613,3.7037037037037033,-17.24137931034483,12.0,-5.263157894736842,-17.647058823529413,23.076923076923077,-37.5,15.789473684210526,01J27ME82XWWK6R8HT7TRFYKWV
-28.57142857142857,-60.0,-11.11111111111111,21.428571428571427,-4.761904761904762,60.0,44.44444444444444,-7.142857142857142,0.0,0.0,12.5,01J27RMDV51DYM3GT11R3VAMAX
9.090909090909092,-7.6923076923076925,7.6923076923076925,-18.51851851851852,0.0,40.74074074074074,-21.428571428571427,90.0,14.285714285714285,-77.77777777777779,-37.5,01J27VB6KP5FVMSK8K0P3430ZD
-4.0,-25.0,33.33333333333333,-23.809523809523807,36.0,26.666666666666668,-7.142857142857142,-17.647058823529413,76.47058823529412,-37.5,-28.57142857142857,01J27RAYN90HHJD0YEGANN6332
33.33333333333333,8.333333333333332,-4.3478260869565215,71.42857142857143,30.76923076923077,76.92307692307693,-45.45454545454545,12.5,23.809523809523807,-26.31578947368421,-14.285714285714285,01J27NG4FVF2YQZFDTP8TVBZTG
17.24137931034483,15.384615384615385,-28.000000000000004,-28.57142857142857,-22.22222222222222,-28.000000000000004,0.0,5.263157894736842,-46.666666666666664,-18.181818181818183,45.45454545454545,01J27R04V9NJHMAR7WYSFQ2K7A
15.384615384615385,41.66666666666667,33.33333333333333,42.857142857142854,-7.142857142857142,35.714285714285715,-20.0,-4.3478260869565215,-50.0,0.0,86.66666666666667,01J27ME5QCN41A27F7JEN3JYSK
33.33333333333333,-16.666666666666664,-38.46153846153847,-42.857142857142854,-13.043478260869565,20.0,-22.22222222222222,64.70588235294117,4.761904761904762,-53.84615384615385,-29.411764705882355,01J27PBKB2E9A248YVTR5KCQ1P
7.6923076923076925,-55.55555555555556,15.384615384615385,-30.76923076923077,8.333333333333332,-22.58064516129032,-28.000000000000004,-30.0,-20.0,47.368421052631575,14.285714285714285,01J27QTC65X8VFCTK0P1Z38TCZ
20.0,-45.45454545454545,11.11111111111111,-50.0,25.0,-16.129032258064516,-21.73913043478261,4.3478260869565215,18.181818181818183,0.0,-26.31578947368421,01J27RBPVPGCZCZFZ5NWWPBQRR
-85.71428571428571,-42.857142857142854,-9.090909090909092,12.5,-6.666666666666667,33.33333333333333,-12.0,14.285714285714285,4.761904761904762,-16.666666666666664,7.6923076923076925,01J27T12WQG217DGDMRPFYD37N
3.7037037037037033,50.0,47.82608695652174,3.4482758620689653,12.0,6.666666666666667,-11.11111111111111,-15.789473684210526,16.666666666666664,0.0,-5.88235294117647,01J27NVR2HH37536YV5A9CFW89
-68.0,12.5,-31.03448275862069,100.0,15.151515151515152,-10.344827586206897,18.181818181818183,-5.263157894736842,57.14285714285714,-22.22222222222222,-17.647058823529413,01J27Q8QJJQB9AG3RACW05AY9T
47.82608695652174,5.263157894736842,0.0,-42.857142857142854,-14.285714285714285,31.03448275862069,25.0,26.31578947368421,66.66666666666666,-60.0,-52.94117647058824,01J27P97PJF0WQD6V4Y2CEM6B9
84.61538461538461,-55.55555555555556,-11.11111111111111,-42.857142857142854,-10.0,7.142857142857142,0.0,33.33333333333333,26.31578947368421,-37.5,-33.33333333333333,01J27PHPDH5ZFJB1JFBBG6YQ45
0.0,-36.36363636363637,-12.0,42.857142857142854,-11.11111111111111,47.368421052631575,8.333333333333332,-30.0,47.368421052631575,-20.0,5.263157894736842,01J27QE37KY250D501MERNFWCR
8.333333333333332,-13.043478260869565,0.0,8.333333333333332,0.0,0.0,-3.225806451612903,-40.0,-62.5,60.0,17.647058823529413,01J27R0AXQ5GAQVWEW9ZE3YVBM
46.666666666666664,-33.33333333333333,0.0,-71.42857142857143,0.0,14.285714285714285,-3.7037037037037033,44.44444444444444,76.47058823529412,-71.42857142857143,-37.5,01J27MRAE4KJFNXME4X6HSSWR5
39.130434782608695,16.666666666666664,18.51851851851852,20.0,-42.857142857142854,25.925925925925924,11.11111111111111,-14.285714285714285,88.23529411764706,-33.33333333333333,-46.666666666666664,01J27N9ANYC42NG53RWQQXAS91
23.076923076923077,0.0,71.42857142857143,-16.666666666666664,13.043478260869565,20.0,-33.33333333333333,0.0,29.411764705882355,-20.0,-6.666666666666667,01J27MTN2T9ZZWTC98Y03J86NQ
92.0,-8.333333333333332,-33.33333333333333,3.4482758620689653,-36.84210526315789,18.51851851851852,0.0,62.5,6.666666666666667,-33.33333333333333,-23.076923076923077,01J24DHYTA1PVBJZNG4D4DBWG0
8.333333333333332,-60.0,-44.0,7.6923076923076925,-4.0,39.130434782608695,0.0,90.47619047619048,36.84210526315789,-89.47368421052632,-60.0,01J249A45E79V9Z69VR43W8VT1
45.45454545454545,-42.857142857142854,-3.225806451612903,-41.17647058823529,23.809523809523807,-18.51851851851852,-13.043478260869565,-5.88235294117647,33.33333333333333,-4.761904761904762,-14.285714285714285,01J249C7WTVVX9P3Q54X1JKNVK
17.647058823529413,-40.0,-18.181818181818183,-11.11111111111111,-50.0,25.925925925925924,-10.344827586206897,-23.076923076923077,20.0,16.666666666666664,0.0,01J249M8G4VDBXY1D92PPCDPG1
-36.84210526315789,0.0,7.142857142857142,-50.0,20.0,12.0,-21.73913043478261,-66.66666666666666,-47.368421052631575,45.45454545454545,84.61538461538461,01J249PP2PJWMCWPTGFFH5HSMJ
-30.434782608695656,-71.42857142857143,-9.67741935483871,4.0,-36.0,25.0,-31.03448275862069,90.47619047619048,0.0,-60.0,-63.63636363636363,01J26REZB1AMCX7WCJ8RFZYCNF
-13.043478260869565,-36.84210526315789,20.0,69.23076923076923,-11.11111111111111,-22.58064516129032,4.3478260869565215,0.0,81.81818181818183,-25.925925925925924,-64.70588235294117,01J26S7TSMGHXDQVYFS77XR8PV
29.411764705882355,0.0,17.24137931034483,0.0,14.285714285714285,25.925925925925924,-40.74074074074074,11.11111111111111,-88.23529411764706,13.043478260869565,100.0,01J26PT67T718XXD4RRY2H0ZR0
46.15384615384615,13.043478260869565,28.57142857142857,-42.857142857142854,-27.27272727272727,-9.090909090909092,15.384615384615385,86.66666666666667,-52.94117647058824,-26.31578947368421,7.6923076923076925,01J26QR1B6KA9HKXCP26AZJXDW
0.0,16.666666666666664,-4.3478260869565215,-11.11111111111111,-3.225806451612903,-28.000000000000004,28.57142857142857,5.263157894736842,-10.0,37.5,-29.411764705882355,01J26RERYZABA6X3G744RZFV7Y
28.000000000000004,-24.137931034482758,-4.3478260869565215,-50.0,25.0,-33.33333333333333,12.0,-41.17647058823529,5.88235294117647,-18.181818181818183,62.5,01J26RX2F4GWCD4BX3RHF14Z7J
-3.7037037037037033,-40.0,-30.76923076923077,-37.5,-13.043478260869565,8.333333333333332,0.0,71.42857142857143,46.666666666666664,-60.0,-38.46153846153847,01J26SKYKWR89BFWYFP9VK5HR2
-25.0,-57.14285714285714,-7.6923076923076925,41.17647058823529,56.52173913043478,27.27272727272727,30.76923076923077,-30.0,10.0,-7.6923076923076925,42.857142857142854,01J26P83RR2SN1J310A1CNNN2K
-15.151515151515152,-50.0,-7.142857142857142,100.0,9.090909090909092,11.11111111111111,-3.7037037037037033,-10.0,-6.666666666666667,-44.44444444444444,64.70588235294117,01J26P8KMRN0P621P2C3V2YS02
-28.57142857142857,42.857142857142854,-28.000000000000004,33.33333333333333,25.0,30.76923076923077,-12.0,66.66666666666666,-37.5,-33.33333333333333,7.6923076923076925,01J26PSKME9Y6N0AGTCJENCRA4
52.0,-50.0,12.0,6.25,25.0,0.0,8.333333333333332,-12.0,14.285714285714285,-20.0,25.0,01J26PX2C0Y4TDS5XACB6SPYPX
-4.761904761904762,-11.11111111111111,7.142857142857142,-24.137931034482758,-25.0,4.761904761904762,8.571428571428571,100.0,-15.789473684210526,-64.70588235294117,-84.61538461538461,01J26T6KVDGG27J5PDJBTRFPHF
-33.33333333333333,-45.45454545454545,-3.225806451612903,60.0,-30.434782608695656,-39.130434782608695,26.666666666666668,-33.33333333333333,-15.789473684210526,41.17647058823529,20.0,01J26VH42N07E04051ADAYCV02
28.000000000000004,8.333333333333332,4.3478260869565215,66.66666666666666,7.142857142857142,76.0,-33.33333333333333,11.11111111111111,18.181818181818183,-23.809523809523807,-9.090909090909092,01J26P640XY2T247TMHZ5TM39S
41.17647058823529,10.344827586206897,-8.333333333333332,0.0,10.344827586206897,0.0,-28.57142857142857,44.44444444444444,-22.22222222222222,-61.904761904761905,52.94117647058824,01J26QCKPR4332QAR6KJVTSA04
-25.925925925925924,-50.0,-30.76923076923077,4.0,27.27272727272727,21.428571428571427,5.88235294117647,44.0,57.89473684210527,-100.0,-23.076923076923077,01J26QCYRRQH26YVTXNQPJVDAV
26.666666666666668,-10.344827586206897,-30.434782608695656,-55.55555555555556,-6.666666666666667,54.54545454545454,-40.0,5.263157894736842,55.55555555555556,-22.22222222222222,-41.17647058823529,01J26R6X1J21NS51VFF4T685XB
70.37037037037037,42.857142857142854,-4.3478260869565215,-28.57142857142857,21.428571428571427,40.74074074074074,13.043478260869565,0.0,-11.11111111111111,20.0,-11.11111111111111,01J26RXJN009C4BN9XXF4629A0
-4.761904761904762,-55.55555555555556,-42.857142857142854,-42.857142857142854,12.0,-21.73913043478261,21.21212121212121,-22.22222222222222,10.0,5.263157894736842,9.090909090909092,01J26TH1F7XM2QBZFX8XBQV7FK
44.0,-7.142857142857142,26.666666666666668,71.42857142857143,-7.142857142857142,28.57142857142857,-15.384615384615385,-61.904761904761905,-52.94117647058824,100.0,17.647058823529413,01J26P26KRY8C4X6ZGCCF7SWPQ
-7.142857142857142,11.11111111111111,20.0,45.45454545454545,-3.7037037037037033,55.55555555555556,-18.51851851851852,-5.88235294117647,12.5,14.285714285714285,-33.33333333333333,01J27ETM0H94PMAJGSKK32A4M2
7.6923076923076925,8.333333333333332,33.33333333333333,-18.51851851851852,3.7037037037037033,-4.0,-3.7037037037037033,20.0,60.0,-64.70588235294117,-45.45454545454545,01J27FRNC5TNY31ZTJNE9E6Z6K
35.714285714285715,-11.11111111111111,-26.31578947368421,-50.0,38.46153846153847,11.11111111111111,-7.6923076923076925,90.47619047619048,-5.88235294117647,-57.89473684210527,-41.17647058823529,01J27C3GR7SRPJPJT5EXR7HV6G
33.33333333333333,-18.181818181818183,18.181818181818183,-45.45454545454545,9.090909090909092,40.74074074074074,-23.076923076923077,5.263157894736842,-13.043478260869565,47.368421052631575,-63.63636363636363,01J27DDKQBX9MF6XNQ0P6E8A95
-57.14285714285714,24.137931034482758,-17.647058823529413,66.66666666666666,0.0,0.0,-11.11111111111111,-14.285714285714285,-47.82608695652174,57.89473684210527,11.11111111111111,01J27GRMKFXS5QXZ48T2RK8G44
15.384615384615385,-42.857142857142854,-28.57142857142857,-7.6923076923076925,25.0,26.31578947368421,-14.285714285714285,60.0,27.27272727272727,-36.36363636363637,-63.63636363636363,01J27GYHBQT87TWV6BKF9XADZ2
23.076923076923077,9.090909090909092,-23.809523809523807,75.0,3.4482758620689653,23.076923076923077,21.428571428571427,100.0,27.27272727272727,-72.72727272727273,-55.55555555555556,01J27F7WMDNTDBE5QFCD9ETMPT
-30.0,-4.3478260869565215,15.384615384615385,50.0,13.043478260869565,18.181818181818183,12.0,9.090909090909092,68.0,-66.66666666666666,-46.666666666666664,01J27FSZTA53SJXSAMV41DM128
54.83870967741935,36.36363636363637,-53.84615384615385,55.55555555555556,48.148148148148145,36.36363636363637,16.666666666666664,30.0,-26.31578947368421,-18.181818181818183,17.647058823529413,01J27CSXV1NPKQZRMRAZSSFXK2
-18.51851851851852,-50.0,0.0,-18.75,18.51851851851852,-5.88235294117647,-6.666666666666667,-14.285714285714285,47.368421052631575,-20.0,-12.5,01J27DPR7VZYKH5KDPB7K0JTXT
-85.71428571428571,-14.285714285714285,-23.076923076923077,42.857142857142854,-15.384615384615385,7.142857142857142,16.666666666666664,-5.88235294117647,50.0,-50.0,20.0,01J27DXZ0TYW1XY1D09J904H1V
18.51851851851852,-30.76923076923077,-11.11111111111111,-55.55555555555556,33.33333333333333,61.53846153846154,-16.666666666666664,-46.666666666666664,45.45454545454545,-17.647058823529413,0.0,01J27E076KT124NV0FR7A3DQEB
0.0,-41.17647058823529,-3.4482758620689653,-42.857142857142854,4.0,24.137931034482758,11.11111111111111,100.0,13.043478260869565,-47.368421052631575,-100.0,01J27GHH5TENVT7FDBE62MGVDH
-50.0,-27.27272727272727,44.0,0.0,4.3478260869565215,-16.666666666666664,-14.285714285714285,-5.263157894736842,-37.5,36.84210526315789,0.0,01J27BTJHFCJK6W5F3Y2RZGY8R
70.0,20.0,4.3478260869565215,50.0,33.33333333333333,39.130434782608695,44.0,5.88235294117647,-22.22222222222222,4.761904761904762,14.285714285714285,01J27C22P5KQ7VC864R61V1GMZ
15.384615384615385,6.666666666666667,-4.761904761904762,-3.4482758620689653,-3.7037037037037033,26.666666666666668,11.11111111111111,64.70588235294117,15.789473684210526,-78.94736842105263,6.666666666666667,01J27CTK1N7G6A3FMBSRC65XFX
-46.666666666666664,-23.076923076923077,4.0,-66.66666666666666,28.000000000000004,14.285714285714285,25.0,-26.31578947368421,6.666666666666667,33.33333333333333,-5.88235294117647,01J27HFN124FSA6AAJN7PF6QF6
0.0,-25.0,-40.74074074074074,20.0,-33.33333333333333,-14.285714285714285,-3.0303030303030303,50.0,-36.84210526315789,-50.0,23.076923076923077,01J27CX3XXXXEZB7QAHKNH8R74
40.0,-13.043478260869565,-7.6923076923076925,-20.0,7.6923076923076925,39.130434782608695,-10.344827586206897,0.0,44.44444444444444,-27.27272727272727,-14.285714285714285,01J27EAQ3T4DM6BBERVPQTYSXK
68.75,14.285714285714285,-20.0,-7.6923076923076925,-27.27272727272727,33.33333333333333,24.137931034482758,15.789473684210526,17.647058823529413,-4.3478260869565215,-29.411764705882355,01J27F3BMW2BT7PD6C6CRTTCGZ
23.076923076923077,-4.761904761904762,-15.384615384615385,-4.3478260869565215,-12.0,21.73913043478261,-6.25,41.17647058823529,75.0,-70.0,-33.33333333333333,01J27FV4DZ6CCQTR145K0QDHTJ
-11.11111111111111,13.333333333333334,20.0,71.42857142857143,4.3478260869565215,14.285714285714285,-8.333333333333332,47.368421052631575,-17.647058823529413,-33.33333333333333,12.5,01J27EQF31X7KB26CSVCPHJ545
12.0,48.148148148148145,-7.6923076923076925,50.0,10.344827586206897,14.285714285714285,0.0,0.0,-22.22222222222222,-13.043478260869565,41.17647058823529,01J27BTAN8PDRTETK5ZVRQ0CDW
-28.57142857142857,-28.57142857142857,-15.384615384615385,9.67741935483871,38.46153846153847,-13.043478260869565,3.7037037037037033,-20.0,-6.666666666666667,0.0,28.57142857142857,01J27D2P5JEGCR5CKRN4QM2SZ1
84.0,-36.36363636363637,20.0,-45.45454545454545,0.0,21.428571428571427,-3.7037037037037033,12.5,12.5,23.809523809523807,-52.94117647058824,01J27G2DTB6Y21A7V6VSC92T8C
-30.76923076923077,-50.0,-20.0,-4.0,10.0,51.724137931034484,-7.6923076923076925,-15.789473684210526,42.857142857142854,-30.434782608695656,9.090909090909092,01J26YJ1N8BY4FVBXDSP2JXRAN
44.0,42.857142857142854,-78.57142857142857,18.75,11.11111111111111,18.181818181818183,15.789473684210526,20.0,-25.0,-4.761904761904762,6.666666666666667,01J271R51CSEHFJSJ3V52VSSEY
-18.51851851851852,22.22222222222222,4.761904761904762,66.66666666666666,52.38095238095239,90.47619047619048,11.11111111111111,5.263157894736842,-27.27272727272727,26.31578947368421,0.0,01J2721ZG3NQ7FP55QD8FTSXRM
36.36363636363637,-16.666666666666664,-3.4482758620689653,27.27272727272727,-20.0,-4.0,7.6923076923076925,50.0,0.0,-47.82608695652174,-5.88235294117647,01J271F1G4BJ8YGMH79V24FYA0
-60.0,40.74074074074074,4.3478260869565215,13.043478260869565,10.0,0.0,-16.666666666666664,-50.0,-41.17647058823529,-20.0,83.33333333333334,01J2728TR1ER2YP1YBHNNJ9TVX
3.225806451612903,-7.6923076923076925,-38.46153846153847,7.142857142857142,-14.285714285714285,30.434782608695656,12.0,10.0,100.0,-88.88888888888889,-27.27272727272727,01J272RSFS18S23YPZX4F1NEJW
10.344827586206897,14.285714285714285,33.33333333333333,63.63636363636363,-11.11111111111111,23.076923076923077,-23.076923076923077,73.33333333333333,0.0,-63.63636363636363,20.0,01J273ESFTABCR3V78H6ZB3G9S
7.142857142857142,-50.0,25.0,-4.0,14.285714285714285,-44.0,33.33333333333333,-47.368421052631575,-37.5,22.22222222222222,84.61538461538461,01J273Z81XYKPDYHY2FTQ2W4TS
-18.51851851851852,42.857142857142854,33.33333333333333,20.0,9.090909090909092,11.11111111111111,-4.0,4.761904761904762,52.38095238095239,-54.54545454545454,0.0,01J271X5RDAPRGNYQN39VHVQET
17.24137931034483,-18.75,20.0,-77.77777777777779,-33.33333333333333,25.0,23.809523809523807,40.0,44.0,-44.0,-44.44444444444444,01J274K296W5VJPC2N62HZD4VS
-18.51851851851852,21.428571428571427,13.333333333333334,0.0,-13.043478260869565,-10.0,0.0,16.666666666666664,-20.0,-5.88235294117647,5.88235294117647,01J26XKT4V657NSAMHDA55FTDW
7.6923076923076925,-40.74074074074074,21.428571428571427,-14.285714285714285,-16.129032258064516,-12.0,20.0,0.0,84.61538461538461,-27.27272727272727,-23.809523809523807,01J26XM4ZCH0T13SASN7D3909Y
-67.74193548387096,5.88235294117647,-6.666666666666667,-45.45454545454545,39.130434782608695,0.0,6.25,4.3478260869565215,7.6923076923076925,-11.11111111111111,0.0,01J2715BZSMZM2WWHY880MZC1B
-53.84615384615385,-25.925925925925924,14.285714285714285,-71.42857142857143,21.21212121212121,-41.66666666666667,56.52173913043478,37.5,-15.789473684210526,-41.17647058823529,22.22222222222222,01J2739C8XT3AN4G9ZE2PN5F5A
-52.0,-38.46153846153847,4.3478260869565215,-66.66666666666666,-9.090909090909092,-11.11111111111111,-15.384615384615385,-33.33333333333333,-9.090909090909092,55.55555555555556,-10.0,01J26Y6Y8GN7Z4EBXDVA2ZNNTM
31.03448275862069,-35.714285714285715,27.27272727272727,8.333333333333332,-11.11111111111111,23.809523809523807,-30.434782608695656,30.0,6.666666666666667,11.11111111111111,-47.368421052631575,01J26YAX3EYXWPTCENAKE0YC0V
18.51851851851852,-40.0,10.344827586206897,-45.45454545454545,15.384615384615385,24.137931034482758,-14.285714285714285,12.5,40.0,-42.857142857142854,-5.88235294117647,01J26ZQ40JPW5ERRNZDY1ZQQ6X
11.11111111111111,-42.857142857142854,-8.333333333333332,-3.4482758620689653,15.384615384615385,-31.25,18.75,5.263157894736842,-65.21739130434783,14.285714285714285,73.33333333333333,01J271132TZTBHADBQFQEBND8A
3.225806451612903,-40.74074074074074,8.333333333333332,-20.0,25.0,-3.4482758620689653,17.24137931034483,5.263157894736842,-54.54545454545454,68.42105263157895,-16.666666666666664,01J26ZS2FMXK9XPXH1Z2NYV9K2
53.333333333333336,-23.52941176470588,-14.285714285714285,-42.857142857142854,4.0,33.33333333333333,-23.076923076923077,-5.88235294117647,17.647058823529413,14.285714285714285,-20.0,01J270EWA1JZQE1GZHMG2BM53A
33.33333333333333,-4.0,0.0,20.0,-3.4482758620689653,-10.0,29.03225806451613,-40.0,-10.0,6.666666666666667,60.0,01J271MHRW7PADSF3TWMVJTQ24
25.0,-8.333333333333332,-33.33333333333333,8.333333333333332,-5.263157894736842,16.666666666666664,-9.090909090909092,28.57142857142857,-14.285714285714285,-4.3478260869565215,0.0,01J272DXDF6T58FAWTN4TASV6S
4.0,8.333333333333332,-7.142857142857142,-7.6923076923076925,-48.148148148148145,36.36363636363637,-28.57142857142857,77.77777777777779,14.285714285714285,-72.72727272727273,0.0,01J272ZG10T4ZD2PRQJD7P4RQJ
-13.043478260869565,100.0,4.761904761904762,-4.0,-14.285714285714285,-37.5,-9.090909090909092,-50.0,-30.0,52.38095238095239,33.33333333333333,01J26ZPTKQGQTV0Q4TA68B2773
26.666666666666668,-57.14285714285714,25.925925925925924,-46.666666666666664,21.73913043478261,25.0,-16.666666666666664,-12.5,0.0,60.0,-46.666666666666664,01J2792SM08D5G38D4MVHXWVFY
-25.0,-42.857142857142854,-3.4482758620689653,10.0,0.0,14.285714285714285,-14.285714285714285,-9.090909090909092,100.0,-42.857142857142854,-77.77777777777779,01J3D8RBWA1MR0QF73PC0S7VZS
4.3478260869565215,18.181818181818183,-26.31578947368421,-11.11111111111111,0.0,5.88235294117647,-4.761904761904762,-16.666666666666664,36.84210526315789,-50.0,-15.789473684210526,01J3D8RR74QYQCRD4Y8MTB1HTY
12.0,-66.66666666666666,30.0,13.043478260869565,-4.761904761904762,4.0,18.181818181818183,-20.0,100.0,-38.46153846153847,-17.647058823529413,01J3D8TNR9N7FNXDP63T68ZX9M
-30.0,-100.0,0.0,-9.67741935483871,29.411764705882355,-10.0,10.0,-55.55555555555556,-23.076923076923077,14.285714285714285,75.0,01J3D9YHVH61Q7Q99Y98CKFPZJ
4.3478260869565215,-42.857142857142854,-18.181818181818183,-42.857142857142854,-4.761904761904762,-22.22222222222222,46.15384615384615,-17.647058823529413,16.666666666666664,7.6923076923076925,-12.5,01J3D8RCC55CCF7PRPWXA7RVWS
21.73913043478261,-7.6923076923076925,-14.285714285714285,-45.45454545454545,20.0,41.66666666666667,18.181818181818183,-42.857142857142854,0.0,22.22222222222222,-4.761904761904762,01J3DFR32CHTEQZP8YJCGSP1AF
-10.0,-7.142857142857142,4.0,-42.857142857142854,-10.0,14.285714285714285,25.0,-5.263157894736842,100.0,-45.45454545454545,9.090909090909092,01J3DDD4VA0BWE0387TQKDKFXE
23.809523809523807,-8.333333333333332,22.22222222222222,-55.55555555555556,-4.761904761904762,23.076923076923077,30.0,-12.5,52.94117647058824,-40.0,-23.076923076923077,01J3DDRS11WSM9Z7CH6PSJ1PVD
15.789473684210526,-44.44444444444444,4.761904761904762,-42.857142857142854,9.090909090909092,-14.285714285714285,23.076923076923077,-66.66666666666666,-29.411764705882355,38.46153846153847,40.0,01J3DEAMRMH09C4PJ8NH6A5NSX
47.368421052631575,5.263157894736842,-18.51851851851852,-42.857142857142854,12.5,57.89473684210527,11.11111111111111,41.17647058823529,-15.789473684210526,-20.0,-5.263157894736842,01J3DEWYZP89A7A49TEWN7EAFS
-64.70588235294117,-11.11111111111111,-11.11111111111111,77.77777777777779,-5.263157894736842,0.0,4.3478260869565215,23.076923076923077,0.0,0.0,-23.076923076923077,01J3DF56VTE186MCG0T6HR3PF2
14.285714285714285,-21.73913043478261,0.0,-60.0,-3.4482758620689653,5.88235294117647,-14.285714285714285,-9.090909090909092,85.71428571428571,-77.77777777777779,-28.57142857142857,01J3DFWSQ7GV9W8M8S6FXZ6FPH
10.0,12.0,-14.285714285714285,-35.714285714285715,-20.0,-53.84615384615385,20.0,81.81818181818183,-44.44444444444444,-50.0,-20.0,01J3DGXBDH7YACDBE0A4388STG
-33.33333333333333,50.0,-28.000000000000004,0.0,9.090909090909092,18.181818181818183,20.0,-9.090909090909092,100.0,-16.666666666666664,-55.55555555555556,01J3DDA8Y8RZRC5PA6SCSZ52RZ
44.44444444444444,18.51851851851852,28.000000000000004,60.0,3.7037037037037033,60.0,0.0,0.0,-20.0,-33.33333333333333,33.33333333333333,01J3DESAX9GNV7R0HVGNMFXFBD
13.043478260869565,-25.0,-26.31578947368421,71.42857142857143,13.043478260869565,85.71428571428571,23.809523809523807,14.285714285714285,17.647058823529413,-12.5,-22.22222222222222,01J3DFRKY5YQHWWF15TM8DGPMR
7.6923076923076925,-3.4482758620689653,-41.66666666666667,-50.0,31.03448275862069,4.0,20.0,-9.090909090909092,-14.285714285714285,-16.666666666666664,100.0,01J3DGD0CR2CDNG6VQRKQCGMQZ
-9.090909090909092,-33.33333333333333,-29.411764705882355,-66.66666666666666,4.761904761904762,15.789473684210526,-3.4482758620689653,100.0,12.5,-52.94117647058824,-17.647058823529413,01J3DGZTZYS4EK7SWFX1BX2V8W
66.66666666666666,-16.666666666666664,-4.0,-50.0,0.0,4.3478260869565215,36.0,10.0,13.043478260869565,6.666666666666667,-75.0,01J3DH4R563DN61CQJWJB282ZA
30.0,-18.181818181818183,9.090909090909092,-66.66666666666666,-15.789473684210526,33.33333333333333,-16.666666666666664,-5.88235294117647,4.0,45.45454545454545,-33.33333333333333,01J3DD7FS7ZT0ME4TWPNTK61ZF
25.0,13.043478260869565,-16.666666666666664,4.3478260869565215,8.333333333333332,37.5,-28.57142857142857,-14.285714285714285,20.0,10.0,-25.0,01J3DD9TN4KW5RAK0VN2QRQX25
4.3478260869565215,-22.22222222222222,-14.285714285714285,-11.11111111111111,0.0,4.761904761904762,-25.0,100.0,-20.0,-42.857142857142854,-16.666666666666664,01J3DDRK1SMWWA9XG30TED7Y35
22.22222222222222,-7.6923076923076925,9.090909090909092,-11.11111111111111,-5.263157894736842,-12.5,8.333333333333332,-25.0,-27.27272727272727,60.0,-7.6923076923076925,01J3DDY417CD383BGRV4WJDJMG
47.368421052631575,-36.84210526315789,12.5,-100.0,-16.666666666666664,0.0,30.0,11.11111111111111,10.0,-28.57142857142857,0.0,01J3DFXS9F7Y1Y3T5X048KQASZ
-4.761904761904762,-45.45454545454545,4.761904761904762,13.043478260869565,-28.000000000000004,52.38095238095239,-4.3478260869565215,30.0,0.0,-50.0,0.0,01J3DJZTEHV7GPTKWDDJT1BKVW
-25.925925925925924,-4.3478260869565215,14.285714285714285,-14.285714285714285,-4.0,30.0,17.647058823529413,-27.27272727272727,-17.647058823529413,-7.6923076923076925,63.63636363636363,01J3E9VAHS5JQ05AK0048YTJQH
-44.44444444444444,-11.11111111111111,9.090909090909092,-45.45454545454545,0.0,-3.7037037037037033,37.5,25.0,-60.0,-4.3478260869565215,-25.0,01J3E730HTYTJXPQJ1A64XRPXT
0.0,-18.181818181818183,14.285714285714285,17.647058823529413,-14.285714285714285,-9.090909090909092,-23.809523809523807,-50.0,52.94117647058824,-40.0,-11.11111111111111,01J3E79ANM3RS1YEKPYQVEAMTA
26.31578947368421,100.0,-10.0,0.0,-4.0,-23.809523809523807,26.31578947368421,46.666666666666664,-40.0,-77.77777777777779,40.0,01J3ED8GKTXFF5AMMX3EDE3MYM
-30.0,-55.55555555555556,-20.0,-23.076923076923077,-3.225806451612903,25.0,0.0,11.11111111111111,50.0,-33.33333333333333,-42.857142857142854,01J3E60BH0RGNCRGRHH6FHY9Y4
-53.84615384615385,-52.38095238095239,3.4482758620689653,-33.33333333333333,13.043478260869565,-18.51851851851852,16.666666666666664,-25.0,15.789473684210526,9.090909090909092,-4.761904761904762,01J3E7398ST49QVCDT9PMNJ1NJ
-36.0,-15.789473684210526,39.130434782608695,75.0,12.0,14.285714285714285,-12.0,-40.0,-30.0,44.44444444444444,8.333333333333332,01J3EBMAMJ2XNES02DBBQGNBTH
0.0,36.0,21.428571428571427,8.333333333333332,-6.666666666666667,90.9090909090909,-40.74074074074074,7.6923076923076925,-16.666666666666664,-25.0,33.33333333333333,01J3E8VE5D0KEKY8A9859BZ3WR
15.384615384615385,-55.55555555555556,4.3478260869565215,-41.17647058823529,44.44444444444444,-30.434782608695656,-27.27272727272727,5.88235294117647,0.0,20.0,-71.42857142857143,01J3E96FFXNHV45MAPK20S83PV
0.0,-17.647058823529413,14.285714285714285,4.0,10.0,27.27272727272727,18.181818181818183,-20.0,71.42857142857143,-50.0,-33.33333333333333,01J3E9KCDCAQE78AZXZXHWVXY4
8.333333333333332,13.333333333333334,-100.0,66.66666666666666,-4.761904761904762,-12.5,11.11111111111111,-29.411764705882355,-14.285714285714285,5.88235294117647,50.0,01J3EBWK1DX4AHY1NYCQRM177F
29.411764705882355,-26.31578947368421,10.344827586206897,0.0,-42.857142857142854,42.857142857142854,15.789473684210526,-5.263157894736842,40.0,-100.0,-7.6923076923076925,01J3EC4A3M5TEDR9T6N12K9DTD
-20.0,-18.51851851851852,-8.333333333333332,-10.0,-4.0,22.22222222222222,9.090909090909092,84.61538461538461,-100.0,-100.0,-33.33333333333333,01J3ECKSR6FNQ2VC4DDBWD6A5X
-38.46153846153847,27.27272727272727,4.0,-3.7037037037037033,25.0,22.22222222222222,37.5,0.0,-25.0,6.666666666666667,4.761904761904762,01J3E6Q2ARR4RAHZJ202RR3PXZ
-6.666666666666667,0.0,-12.0,-77.77777777777779,4.3478260869565215,-8.333333333333332,41.66666666666667,-46.666666666666664,-23.076923076923077,27.27272727272727,63.63636363636363,01J3E7JSWAA72B47D35DVP80K0
-12.0,11.11111111111111,14.285714285714285,42.857142857142854,-11.11111111111111,80.0,8.333333333333332,-100.0,42.857142857142854,15.789473684210526,-10.0,01J3EAHRAWJMWYGA98Y97FDEP7
12.0,18.181818181818183,-4.761904761904762,-18.51851851851852,30.0,-50.0,0.0,-100.0,-20.0,22.22222222222222,12.5,01J3E7ZSH9BDG70PK9DSN83SHM
10.344827586206897,-14.285714285714285,-12.5,-15.789473684210526,-15.789473684210526,-36.36363636363637,15.789473684210526,36.36363636363637,4.761904761904762,-50.0,-33.33333333333333,01J3E86X5HCBT88S1SQHMXAHXH
33.33333333333333,20.0,12.0,60.0,0.0,100.0,-16.666666666666664,22.22222222222222,-25.0,12.5,-12.5,01J3E9QH9FGSG74H7XENNF67P9
36.36363636363637,-60.0,4.3478260869565215,-12.0,-16.666666666666664,10.0,-4.761904761904762,-40.0,-12.5,-20.0,52.94117647058824,01J3EBSSPWTFYZWE5TS7JSR6DG
18.181818181818183,-45.45454545454545,-23.076923076923077,0.0,27.27272727272727,-46.666666666666664,25.0,-100.0,-9.090909090909092,6.666666666666667,25.0,01J3E5ZX4XXM38VZPH2840Y1CE
38.46153846153847,23.076923076923077,12.0,3.7037037037037033,3.7037037037037033,30.434782608695656,-20.0,-5.263157894736842,-100.0,13.043478260869565,10.344827586206897,01J3EAF3TT4PQRS4V7NKDNW30T
11.11111111111111,-42.857142857142854,-28.57142857142857,42.857142857142854,7.6923076923076925,0.0,-4.3478260869565215,-6.666666666666667,40.0,-53.84615384615385,25.0,01J3EAQ7JPNNFK3NGNJZ4PY98N
60.0,-50.0,8.333333333333332,3.7037037037037033,-20.0,8.333333333333332,-10.0,45.45454545454545,6.666666666666667,-5.263157894736842,-55.55555555555556,01J3ED70WQWAMYXT0GAKHRTJ6M
83.33333333333334,25.925925925925924,-10.0,-4.3478260869565215,0.0,26.31578947368421,-4.761904761904762,-6.666666666666667,-45.45454545454545,41.17647058823529,-33.33333333333333,01J3E5ZA3F1BY5NYW50DDFWM5Y
8.333333333333332,57.89473684210527,-4.3478260869565215,50.0,-5.263157894736842,22.22222222222222,9.090909090909092,37.5,-7.6923076923076925,-10.0,-14.285714285714285,01J3E62QZJG7VPZ4E4ZR0GH0TV
-25.0,-50.0,-4.0,-5.88235294117647,4.0,17.24137931034483,38.46153846153847,53.84615384615385,11.11111111111111,-33.33333333333333,-55.55555555555556,01J3DYP3J88DFFPRMTRK0JRZZB
36.84210526315789,4.761904761904762,-7.6923076923076925,-7.6923076923076925,35.714285714285715,18.181818181818183,-7.142857142857142,14.285714285714285,33.33333333333333,-69.23076923076923,0.0,01J3DZDBGKMT6FQP4FD75EERRZ
0.0,-14.285714285714285,-15.789473684210526,-42.857142857142854,-11.11111111111111,-9.090909090909092,-12.5,77.77777777777779,5.263157894736842,-38.46153846153847,-33.33333333333333,01J3E369B946TNXYXJ0XQFPVG1
-23.809523809523807,7.6923076923076925,0.0,-5.263157894736842,16.666666666666664,33.33333333333333,-20.0,57.14285714285714,-15.789473684210526,-9.090909090909092,-50.0,01J3E3VWH8556EY4V6Y0M61V5Z
-16.666666666666664,0.0,-4.0,-50.0,-36.36363636363637,-5.88235294117647,10.0,12.5,-9.090909090909092,66.66666666666666,-29.411764705882355,01J3DZ5TA8Q4VKRV48HRM8KJTF
58.333333333333336,-12.0,22.22222222222222,0.0,6.25,25.0,-6.666666666666667,-38.46153846153847,-28.57142857142857,50.0,-4.761904761904762,01J3E0MW9RYJWHFQNW392Z6EFY
-47.368421052631575,5.263157894736842,4.761904761904762,-60.0,20.0,-27.27272727272727,0.0,7.6923076923076925,-80.0,-7.6923076923076925,80.0,01J3E2JW1C5HJQ30ZGVRBS7BRV
29.411764705882355,0.0,-4.3478260869565215,45.45454545454545,3.7037037037037033,17.647058823529413,-23.076923076923077,100.0,-27.27272727272727,55.55555555555556,-38.46153846153847,01J3E0XRXG2DTPMNV9GV9HTXD3
11.11111111111111,14.285714285714285,-7.6923076923076925,-36.0,11.11111111111111,-10.0,-40.74074074074074,42.857142857142854,-57.89473684210527,0.0,29.411764705882355,01J3DYXB6V59ZTCV5359G8HTV4
15.789473684210526,41.17647058823529,4.3478260869565215,10.0,-18.181818181818183,46.666666666666664,-4.761904761904762,23.076923076923077,-100.0,-6.666666666666667,0.0,01J3E0V9WTH7KERHYPA2F24BNV
-3.7037037037037033,-75.0,-36.84210526315789,0.0,26.31578947368421,0.0,4.3478260869565215,-77.77777777777779,-20.0,66.66666666666666,7.6923076923076925,01J3DZG21PV7EDGYHGABSAQDSR
-27.27272727272727,-84.61538461538461,0.0,14.285714285714285,8.333333333333332,0.0,20.0,14.285714285714285,-66.66666666666666,-25.0,66.66666666666666,01J3E26PX7J67VEFXR27QQJ7TS
36.84210526315789,0.0,4.0,5.88235294117647,-20.0,5.88235294117647,30.0,77.77777777777779,0.0,-75.0,-14.285714285714285,01J3E2ZDS0JFHRE2DTAT9N5FMJ
25.0,-47.368421052631575,-8.333333333333332,-42.857142857142854,-14.285714285714285,20.0,60.0,20.0,22.22222222222222,-12.5,-42.857142857142854,01J3E1ECEAXGEB25FQYEWD48RS
0.0,41.66666666666667,-18.51851851851852,-8.333333333333332,11.11111111111111,0.0,-14.285714285714285,25.0,-66.66666666666666,-100.0,20.0,01J3E1HSZ0Z52V4K4X33TK142M
-40.0,-4.3478260869565215,-15.789473684210526,29.411764705882355,-25.0,-22.22222222222222,0.0,-42.857142857142854,6.666666666666667,-38.46153846153847,33.33333333333333,01J3E076DHMH066TRKNW9VG16V
30.434782608695656,-14.285714285714285,4.3478260869565215,77.77777777777779,-41.17647058823529,5.263157894736842,-30.0,25.0,-40.0,17.647058823529413,-23.076923076923077,01J3E22JE9T3CJPY6C4VREBDCY
-4.0,21.73913043478261,-15.384615384615385,-45.45454545454545,-40.0,-11.11111111111111,53.84615384615385,-33.33333333333333,6.666666666666667,0.0,17.647058823529413,01J3E26FK5E3WH6E0BJKWSCQE1
0.0,28.57142857142857,-30.0,50.0,-38.46153846153847,28.000000000000004,-25.0,-37.5,-5.263157894736842,5.263157894736842,37.5,01J3E34Y2HD2H8KG8AQFZD0QM0
39.130434782608695,8.333333333333332,9.090909090909092,42.857142857142854,12.0,26.31578947368421,0.0,100.0,-7.6923076923076925,-20.0,-60.0,01J3E412RGVA1E7VE7EKVT75Y5
0.0,-12.0,-4.3478260869565215,-37.5,-10.0,-8.333333333333332,13.043478260869565,0.0,-50.0,-14.285714285714285,57.14285714285714,01J3DZG07HYAKCHNXX9JJEV5JJ
50.0,-12.5,4.761904761904762,-4.3478260869565215,17.647058823529413,-11.11111111111111,-20.0,100.0,-33.33333333333333,-9.090909090909092,-71.42857142857143,01J3DZZFT8JDXH24WEJTG3CYQE
20.0,9.090909090909092,-14.285714285714285,25.0,-33.33333333333333,-23.809523809523807,0.0,-12.5,63.63636363636363,-27.27272727272727,-50.0,01J3E3G8EE9VB115B7BB2HV9BH
5.263157894736842,-41.17647058823529,11.11111111111111,42.857142857142854,-9.090909090909092,-33.33333333333333,6.666666666666667,-50.0,-100.0,17.647058823529413,36.84210526315789,01J3E01VQJCFK2CT7EZ1CT3ZSG
-18.181818181818183,23.809523809523807,29.411764705882355,60.0,0.0,77.77777777777779,-11.11111111111111,15.789473684210526,10.0,5.88235294117647,-100.0,01J3E2H9KW4BGS07PXK73JSF74
-25.0,-18.181818181818183,4.761904761904762,3.225806451612903,9.090909090909092,5.88235294117647,7.142857142857142,-27.27272727272727,100.0,-66.66666666666666,-75.0,01J3DRJSFH2VN7R82TY83BTE2Y
-16.666666666666664,-21.73913043478261,0.0,-50.0,0.0,-33.33333333333333,-13.043478260869565,5.263157894736842,100.0,-40.0,-77.77777777777779,01J3DSZ85N6EVCPQD2Y4ECHV5C
53.84615384615385,-42.857142857142854,13.043478260869565,-5.263157894736842,-9.090909090909092,10.0,15.789473684210526,-23.076923076923077,-12.5,6.666666666666667,25.0,01J3DW7BFGW00NGZEDMCDNV5HW
-4.3478260869565215,-42.857142857142854,0.0,-4.761904761904762,-5.88235294117647,-23.809523809523807,17.647058823529413,-20.0,-77.77777777777779,5.263157894736842,69.23076923076923,01J3DMSZHY14TRYJ4XYR5FRE66
10.0,-42.857142857142854,-22.22222222222222,15.384615384615385,8.333333333333332,11.11111111111111,25.0,-50.0,-5.263157894736842,0.0,41.17647058823529,01J3DP1EQDT55MZJX5X90WCP1D
0.0,9.090909090909092,-68.42105263157895,-45.45454545454545,23.076923076923077,0.0,5.88235294117647,-25.0,28.57142857142857,11.11111111111111,-16.666666666666664,01J3DPMR6DFJNX5DNM89079Q24
-44.44444444444444,-7.142857142857142,16.666666666666664,-42.857142857142854,12.0,-16.666666666666664,-13.043478260869565,100.0,-7.6923076923076925,-75.0,-40.0,01J3DMSNAQG9397QE2F1F1AWCP
20.0,-12.0,4.761904761904762,0.0,16.666666666666664,0.0,36.36363636363637,8.333333333333332,5.263157894736842,7.6923076923076925,-50.0,01J3DN93YWSFDCERYDN2SYJMNT
24.137931034482758,-52.94117647058824,-13.043478260869565,-8.333333333333332,41.17647058823529,4.0,-14.285714285714285,9.090909090909092,14.285714285714285,0.0,-22.22222222222222,01J3DNB2WTA36FBBSGZXB2CJTS
-5.263157894736842,23.809523809523807,15.789473684210526,-33.33333333333333,-4.3478260869565215,12.5,9.090909090909092,42.857142857142854,0.0,-20.0,-50.0,01J3DNG5P9RW01AF0Y26C1K5D2
57.14285714285714,-10.0,-23.809523809523807,-13.043478260869565,33.33333333333333,9.090909090909092,-22.22222222222222,4.761904761904762,22.22222222222222,5.263157894736842,-75.0,01J3DPQV9V5M641G5GNX1WR985
12.0,-3.7037037037037033,-69.23076923076923,12.0,18.181818181818183,21.73913043478261,0.0,-20.0,50.0,4.761904761904762,-80.0,01J3DQHTXX1N9RJS46NYK5647X
71.42857142857143,-17.647058823529413,-10.0,-45.45454545454545,4.3478260869565215,-16.666666666666664,30.76923076923077,-25.0,28.57142857142857,7.6923076923076925,-5.88235294117647,01J3DR3TZ4XAM2F65B5NX8MNK2
10.0,42.857142857142854,-8.333333333333332,45.45454545454545,17.647058823529413,53.84615384615385,30.434782608695656,-14.285714285714285,-10.0,15.789473684210526,5.263157894736842,01J3DRZ2FXGSPQ0JM3BAS09Z24
-55.55555555555556,45.45454545454545,39.130434782608695,18.181818181818183,0.0,0.0,-21.73913043478261,-27.27272727272727,-33.33333333333333,10.0,27.27272727272727,01J3DPJNJCDP0FQ5GTE9697DAV
-8.333333333333332,75.0,-15.384615384615385,18.181818181818183,-20.0,-4.3478260869565215,-13.043478260869565,4.761904761904762,71.42857142857143,-33.33333333333333,0.0,01J3DRBTVCPM5MZGHV74MBNPWY
7.6923076923076925,-18.181818181818183,-13.043478260869565,-55.55555555555556,13.043478260869565,18.181818181818183,25.925925925925924,100.0,-5.263157894736842,-50.0,-26.31578947368421,01J3DMVQN9T5QEQBRP28CWSV86
36.36363636363637,42.857142857142854,3.7037037037037033,-13.333333333333334,25.0,7.6923076923076925,8.333333333333332,-11.11111111111111,-27.27272727272727,42.857142857142854,-4.3478260869565215,01J3DNYRW7764RZF74KVJ3KHWP
-10.0,-10.0,-30.434782608695656,71.42857142857143,-9.090909090909092,8.333333333333332,23.076923076923077,29.411764705882355,66.66666666666666,-38.46153846153847,-28.57142857142857,01J3DPW7HQNZCW43QK2XE603ED
-40.0,13.043478260869565,3.4482758620689653,14.285714285714285,-25.0,16.666666666666664,-9.67741935483871,-100.0,84.61538461538461,-71.42857142857143,-38.46153846153847,01J3DQX2MB4CVDA0BSP8FF6N8G
-17.647058823529413,-22.22222222222222,-15.384615384615385,-42.857142857142854,0.0,-38.46153846153847,17.647058823529413,-6.666666666666667,-38.46153846153847,41.17647058823529,-5.88235294117647,01J3DMV4NFWCMY4DZVJPZZTJNC
4.0,-4.3478260869565215,15.789473684210526,14.285714285714285,60.0,0.0,39.130434782608695,21.73913043478261,7.142857142857142,-100.0,-10.0,01J3DQ9SFEEE9JT2A0T5FAYC2B
57.89473684210527,-4.0,18.181818181818183,50.0,-36.36363636363637,42.857142857142854,14.285714285714285,0.0,23.076923076923077,-14.285714285714285,-7.6923076923076925,01J3DSZ5G8K26PMGN9JYSBYAAE
13.043478260869565,-8.333333333333332,-5.263157894736842,-100.0,0.0,-29.411764705882355,20.0,-60.0,-27.27272727272727,50.0,17.647058823529413,01J3DTWVTAHNH8599JP38KKW8V
-23.809523809523807,-14.285714285714285,-16.666666666666664,42.857142857142854,21.428571428571427,-30.434782608695656,4.761904761904762,29.411764705882355,20.0,-100.0,-23.076923076923077,01J3DSA42HJ7DFYARBZWZWE1VQ
